UPRN|ESTAB_UPRN|ABP_CODE|ORGANISATION_NAME|ADDRESS_LINE1|ADDRESS_LINE2|ADDRESS_LINE3|TOWN_NAME|POSTCODE|ADDRESS_TYPE|ESTAB_TYPE|ADDRESS_LEVEL|CE_EXPECTED_CAPACITY|CE_SECURE|PRINT_BATCH|LATITUDE|LONGITUDE|OA|LSOA|MSOA|LAD|REGION|HTC_WILLINGNESS|HTC_DIGITAL|FIELDCOORDINATOR_ID|FIELDOFFICER_ID|TREATMENT_CODE
10008677190|35808325100|RD06||Flat 51 Francombe House|Commercial Road||Windleybury|XX1 0XX|HH|HOUSEHOLD|U||0|15|51.4463421|-2.5924477|E00073438|E01014540|E02003043|E06000023|E12000009|1|1|1|2|HH_PSCE
10008677190|35808325100|RD06||Flat 52 Francombe House|Commercial Road||Windleybury|XX1 0XX|HH|HOUSEHOLD|U||0|15|51.4463421|-2.5924477|E00073438|E01014540|E02003043|E06000023|E12000009|1|1|1|2|HH_PSCE
10008677190|35808325100|RD06||Flat 53 Francombe House|Commercial Road||Windleybury|XX1 0XX|HH|HOUSEHOLD|U||0|15|51.4463421|-2.5924477|E00073438|E01014540|E02003043|E06000023|E12000009|1|1|1|2|HH_PSCE
10008677190|35808325100|RD06||Flat 54 Francombe House|Commercial Road||Windleybury|XX1 0XX|HH|HOUSEHOLD|U||0|15|51.4463421|-2.5924477|E00073438|E01014540|E02003043|E06000023|E12000009|1|1|1|2|HH_PSCE
10008677190|35808325100|RD06||Flat 55 Francombe House|Commercial Road||Windleybury|XX1 0XX|HH|HOUSEHOLD|U||0|15|51.4463421|-2.5924477|E00073438|E01014540|E02003043|E06000023|E12000009|1|1|1|2|HH_PSCE
10008677190|35808325100|RD06||Flat 56 Francombe House|Commercial Road||Windleybury|XX1 0XX|HH|HOUSEHOLD|U||0|15|51.4463421|-2.5924477|E00073438|E01014540|E02003043|E06000023|E12000009|1|1|1|2|HH_PSCE
10008677190|35808325100|RD06||Flat 57 Francombe House|Commercial Road||Windleybury|XX1 0XX|HH|HOUSEHOLD|U||0|15|51.4463421|-2.5924477|E00073438|E01014540|E02003043|E06000023|E12000009|1|1|1|2|HH_PSCE
10008677190|35808325100|RD06||Flat 58 Francombe House|Commercial Road||Windleybury|XX1 0XX|HH|HOUSEHOLD|U||0|15|51.4463421|-2.5924477|E00073438|E01014540|E02003043|E06000023|E12000009|1|1|1|2|HH_PSCE
10008677190|35808325100|RD06||Flat 59 Francombe House|Commercial Road||Windleybury|XX1 0XX|HH|HOUSEHOLD|U||0|15|51.4463421|-2.5924477|E00073438|E01014540|E02003043|E06000023|E12000009|1|1|1|2|HH_PSCE
